{
  "version": 1,
  "author": "Anonymous maker",
  "editor": "wokwi",
  "parts": [
    { "type": "board-esp32-devkit-c-v4", "id": "esp", "top": -76.8, "left": -52.76, "attrs": {} },
    {
      "type": "wokwi-led",
      "id": "led1",
      "top": -3.6,
      "left": -159.4,
      "attrs": { "color": "red" }
    },
    {
      "type": "wokwi-pushbutton",
      "id": "btn1",
      "top": 150.2,
      "left": 105.6,
      "attrs": { "color": "green", "xray": "1" }
    },
    {
      "type": "wokwi-resistor",
      "id": "r1",
      "top": 71.15,
      "left": -144,
      "attrs": { "value": "330" }
    }
  ],
  "connections": [
    [ "esp:TX", "$serialMonitor:RX", "", [] ],
    [ "esp:RX", "$serialMonitor:TX", "", [] ],
    [ "esp:GND.1", "r1:2", "black", [] ],
    [ "led1:C", "r1:1", "black", [] ],
    [ "esp:GND.2", "btn1:1.l", "black", [] ],
    [ "btn1:2.r", "esp:D4", "yellow", [] ],
    [ "esp:4", "btn1:2.l", "gold", [ "h28.8", "v115.2" ] ],
    [ "led1:A", "esp:2", "green", [ "v105.6", "h192", "v-57.6" ] ]
  ],
  "dependencies": {}
}